user,action,time
user002,unmount,2023-01-01T10:58:16
user005,mount,2023-01-01T14:32:42
user021,mount,2023-01-01T11:13:57
user021,unmount,2023-01-01T14:01:55
user034,unmount,2023-01-01T14:38:05
user002,unmount,2023-01-02T11:29:30
user003,mount,2023-01-02T12:28:09
user011,unmount,2023-01-02T10:54:47
user011,mount,2023-01-02T13:15:22
user022,mount,2023-01-02T13:00:36
user022,mount,2023-01-02T12:24:27
user022,mount,2023-01-02T14:15:17
user028,unmount,2023-01-02T13:12:01
user028,unmount,2023-01-02T12:04:56
user039,mount,2023-01-02T14:05:40
user039,mount,2023-01-02T15:31:34
user039,unmount,2023-01-02T13:27:06
user044,mount,2023-01-02T10:51:12
user046,policy,2023-01-02T11:38:43
user046,unmount,2023-01-02T14:03:16
user046,mount,2023-01-02T11:06:18
user049,mount,2023-01-02T12:57:32
user004,unmount,2023-01-03T10:07:14
user009,mount,2023-01-03T13:43:00
user020,mount,2023-01-03T15:49:57
user021,mount,2023-01-03T10:23:15
user031,mount,2023-01-03T16:37:20
user008,mount,2023-01-04T13:26:03
user009,unmount,2023-01-04T08:44:12
user032,mount,2023-01-04T12:09:01
user041,unmount,2023-01-04T10:52:59
user041,mount,2023-01-04T13:33:20
user041,mount,2023-01-04T16:12:11
user050,mount,2023-01-04T14:47:59
user050,mount,2023-01-04T10:25:27
user050,mount,2023-01-04T16:50:43
user001,mount,2023-01-05T13:34:19
user005,unmount,2023-01-05T14:12:35
user013,mount,2023-01-05T09:48:14
user016,mount,2023-01-05T10:18:46
user016,mount,2023-01-05T11:34:51
user016,mount,2023-01-05T14:21:52
user016,mount,2023-01-05T13:21:53
user016,mount,2023-01-05T12:56:16
user016,mount,2023-01-05T14:19:44
user041,mount,2023-01-05T14:00:41
user041,policy,2023-01-05T13:19:06
user041,mount,2023-01-05T12:48:19
user005,unmount,2023-01-06T11:13:42
user023,unmount,2023-01-06T15:37:39
user023,unmount,2023-01-06T15:15:27
user027,unmount,2023-01-06T13:20:36
user027,mount,2023-01-06T13:53:37
user027,mount,2023-01-06T12:59:25
user029,unmount,2023-01-06T14:04:02
user044,mount,2023-01-06T13:55:54
user044,unmount,2023-01-06T10:17:30
user008,mount,2023-01-07T13:03:37
user008,unmount,2023-01-07T14:22:41
user016,mount,2023-01-07T11:38:31
user020,mount,2023-01-07T14:13:20
user037,mount,2023-01-07T12:40:48
user044,unmount,2023-01-07T13:05:19
user044,mount,2023-01-07T12:48:58
user006,policy,2023-01-08T11:49:02
user007,mount,2023-01-08T14:22:33
user022,unmount,2023-01-08T13:16:59
user023,unmount,2023-01-08T10:58:01
user023,policy,2023-01-08T08:33:37
user026,mount,2023-01-08T13:01:03
user026,mount,2023-01-08T16:44:21
user026,mount,2023-01-08T11:26:46
user026,mount,2023-01-08T13:08:50
user002,unmount,2023-01-09T08:55:25
user002,mount,2023-01-09T09:41:44
user014,mount,2023-01-09T14:52:31
user014,unmount,2023-01-09T13:50:51
user039,policy,2023-01-09T12:02:34
user039,mount,2023-01-09T12:25:44
user003,mount,2023-01-10T12:25:34
user007,mount,2023-01-10T15:36:52
user007,mount,2023-01-10T12:52:30
user018,unmount,2023-01-10T14:22:44
user018,unmount,2023-01-10T15:33:50
user050,mount,2023-01-10T15:59:05
user005,policy,2023-01-11T12:14:56
user005,unmount,2023-01-11T11:44:01
user016,policy,2023-01-11T11:01:54
user036,mount,2023-01-11T10:41:30
user046,mount,2023-01-11T14:07:17
user008,unmount,2023-01-12T14:34:16
user010,mount,2023-01-12T12:57:27
user041,mount,2023-01-12T10:30:02
user041,mount,2023-01-12T11:34:13
user042,mount,2023-01-12T19:47:14
user046,mount,2023-01-12T09:21:48
user046,unmount,2023-01-12T13:59:07
user046,mount,2023-01-12T13:35:10
user046,mount,2023-01-12T14:59:49
user046,unmount,2023-01-12T12:42:59
user002,unmount,2023-01-13T11:00:30
user016,unmount,2023-01-13T12:02:39
user018,unmount,2023-01-13T12:26:17
user018,policy,2023-01-13T07:04:57
user018,unmount,2023-01-13T13:34:28
user027,policy,2023-01-13T12:55:10
user029,policy,2023-01-13T13:46:19
user036,mount,2023-01-13T15:51:34
user036,policy,2023-01-13T13:39:27
user036,unmount,2023-01-13T13:19:52
user036,unmount,2023-01-13T16:25:00
user048,unmount,2023-01-13T13:15:16
user007,mount,2023-01-14T13:15:54
user007,mount,2023-01-14T15:38:15
user007,mount,2023-01-14T13:15:46
user007,unmount,2023-01-14T14:02:20
user023,mount,2023-01-14T14:18:37
user031,mount,2023-01-14T09:31:57
user033,unmount,2023-01-14T12:26:11
user033,unmount,2023-01-14T11:51:54
user008,mount,2023-01-15T12:30:52
user012,mount,2023-01-15T14:07:05
user024,mount,2023-01-15T14:33:17
user024,unmount,2023-01-15T10:12:49
user032,policy,2023-01-15T13:29:49
user032,mount,2023-01-15T11:18:18
user032,unmount,2023-01-15T12:09:23
user037,unmount,2023-01-15T16:06:31
user044,unmount,2023-01-15T13:01:35
user044,mount,2023-01-15T10:27:13
user045,mount,2023-01-15T10:40:40
user045,mount,2023-01-15T11:25:16
user005,unmount,2023-01-16T13:53:08
user020,mount,2023-01-16T12:02:08
user046,mount,2023-01-16T14:09:29
user046,policy,2023-01-16T12:19:06
user007,mount,2023-01-17T15:00:00
user007,mount,2023-01-17T14:07:47
user019,mount,2023-01-18T12:14:57
user019,mount,2023-01-18T13:46:52
user021,mount,2023-01-18T14:28:32
user021,unmount,2023-01-18T12:15:45
user031,mount,2023-01-18T15:03:19
user031,mount,2023-01-18T12:53:24
user035,mount,2023-01-18T12:54:35
user035,mount,2023-01-18T12:03:27
user014,unmount,2023-01-19T14:41:28
user014,mount,2023-01-19T11:06:11
user038,mount,2023-01-19T12:13:48
user005,mount,2023-01-20T15:06:15
user005,mount,2023-01-20T14:35:05
user005,policy,2023-01-20T10:26:22
user025,mount,2023-01-20T12:25:15
user025,unmount,2023-01-20T12:52:47
user025,mount,2023-01-20T13:04:54
user034,unmount,2023-01-20T13:40:56
user037,mount,2023-01-20T11:36:59
user040,mount,2023-01-20T10:17:06
user006,mount,2023-01-21T11:54:24
user006,unmount,2023-01-21T13:15:51
user025,mount,2023-01-21T12:59:59
user040,unmount,2023-01-21T13:46:40
user040,policy,2023-01-21T11:33:49
user046,mount,2023-01-21T12:45:54
user046,mount,2023-01-21T14:57:51
user001,policy,2023-01-22T15:38:21
user001,mount,2023-01-22T14:06:37
user005,unmount,2023-01-22T13:29:10
user005,mount,2023-01-22T10:41:46
user013,unmount,2023-01-22T10:18:58
user014,policy,2023-01-22T15:47:15
user014,unmount,2023-01-22T12:58:49
user018,mount,2023-01-22T12:51:41
user018,policy,2023-01-22T15:28:28
user023,unmount,2023-01-22T14:32:17
user023,unmount,2023-01-22T13:04:13
user046,mount,2023-01-22T15:02:10
user046,mount,2023-01-22T09:32:58
user047,mount,2023-01-22T14:34:49
user047,mount,2023-01-22T14:27:06
user002,unmount,2023-01-23T12:28:21
user003,mount,2023-01-23T13:40:12
user003,unmount,2023-01-23T09:26:03
user003,unmount,2023-01-23T17:38:12
user005,mount,2023-01-23T10:53:04
user005,unmount,2023-01-23T15:31:27
user005,mount,2023-01-23T12:07:56
user008,unmount,2023-01-23T13:43:44
user020,mount,2023-01-23T11:07:13
user020,policy,2023-01-23T15:07:11
user020,mount,2023-01-23T11:17:25
user021,mount,2023-01-23T11:25:46
user025,unmount,2023-01-23T14:00:13
user038,unmount,2023-01-23T12:38:47
user043,mount,2023-01-23T14:52:38
user043,unmount,2023-01-23T16:34:56
user046,mount,2023-01-23T13:40:22
user046,unmount,2023-01-23T12:25:30
user046,mount,2023-01-23T12:25:17
user008,policy,2023-01-24T11:08:29
user008,unmount,2023-01-24T14:31:14
user008,mount,2023-01-24T12:04:20
user020,mount,2023-01-24T14:01:06
user038,mount,2023-01-24T12:54:52
user041,unmount,2023-01-24T15:05:45
user014,mount,2023-01-25T12:59:17
user014,mount,2023-01-25T13:58:02
user014,mount,2023-01-25T11:14:49
user017,policy,2023-01-25T11:21:39
user017,mount,2023-01-25T14:03:40
user017,mount,2023-01-25T15:34:18
user017,mount,2023-01-25T14:31:42
user028,policy,2023-01-25T15:22:58
user028,mount,2023-01-25T15:05:24
user002,mount,2023-01-26T10:54:41
user002,unmount,2023-01-26T12:32:40
user010,unmount,2023-01-26T12:25:38
user010,mount,2023-01-26T12:10:10
user018,mount,2023-01-26T09:48:40
user018,mount,2023-01-26T10:44:46
user036,unmount,2023-01-26T10:03:09
user036,mount,2023-01-26T10:20:41
user048,unmount,2023-01-26T13:49:17
user011,mount,2023-01-27T14:22:44
user011,mount,2023-01-27T12:23:30
user013,mount,2023-01-27T11:25:10
user047,mount,2023-01-27T08:08:37
user050,unmount,2023-01-27T12:56:39
user050,mount,2023-01-27T11:58:21
user050,mount,2023-01-27T13:59:29
user050,mount,2023-01-27T14:20:28
user010,mount,2023-01-28T12:10:02
user015,mount,2023-01-28T13:29:37
user015,unmount,2023-01-28T12:20:59
user018,mount,2023-01-28T13:41:00
user028,unmount,2023-01-28T12:46:04
user031,unmount,2023-01-28T15:52:57
user003,unmount,2023-01-29T13:46:08
user008,unmount,2023-01-29T15:39:07
user008,mount,2023-01-29T17:39:50
user028,policy,2023-01-29T16:10:05
user035,unmount,2023-01-29T17:30:51
user035,mount,2023-01-29T14:18:48
user044,unmount,2023-01-29T12:29:19
user030,mount,2023-01-30T12:04:28
user030,mount,2023-01-30T15:54:58
user030,mount,2023-01-30T14:07:52
user030,policy,2023-01-30T13:32:42
user050,mount,2023-01-30T10:02:33
user022,unmount,2023-01-31T13:49:54
user022,mount,2023-01-31T12:49:18
user034,mount,2023-01-31T11:01:16
user034,policy,2023-01-31T12:10:24
user035,mount,2023-01-31T15:30:10
user035,mount,2023-01-31T13:50:26
user035,mount,2023-01-31T13:16:49
user049,mount,2023-01-31T14:57:56
user049,mount,2023-01-31T13:49:03
user002,mount,2023-02-01T13:37:49
user002,mount,2023-02-01T12:05:22
user008,unmount,2023-02-01T16:10:47
user010,mount,2023-02-01T11:16:09
user018,mount,2023-02-01T12:03:22
user035,unmount,2023-02-01T16:21:37
user047,mount,2023-02-01T11:28:13
user003,mount,2023-02-02T11:22:05
user003,mount,2023-02-02T16:00:45
user003,mount,2023-02-02T15:26:28
user009,mount,2023-02-02T11:15:58
user009,mount,2023-02-02T12:23:40
user026,mount,2023-02-02T15:27:32
user026,mount,2023-02-02T13:20:47
user019,policy,2023-02-03T10:54:53
user027,unmount,2023-02-03T13:01:46
user027,mount,2023-02-03T15:34:26
user033,mount,2023-02-03T13:37:54
user036,mount,2023-02-03T16:10:05
user020,mount,2023-02-04T10:49:23
user005,mount,2023-02-05T15:01:43
user009,mount,2023-02-05T16:06:16
user009,unmount,2023-02-05T14:08:41
user009,mount,2023-02-05T08:01:47
user031,mount,2023-02-05T14:36:30
user036,mount,2023-02-05T13:21:34
user036,mount,2023-02-05T14:13:54
user037,unmount,2023-02-05T13:18:50
user038,mount,2023-02-05T11:18:26
user042,unmount,2023-02-05T11:06:00
user042,mount,2023-02-05T12:33:14
user043,mount,2023-02-05T13:26:34
user043,mount,2023-02-05T14:36:03
user043,unmount,2023-02-05T13:26:13
user050,mount,2023-02-05T13:14:21
user031,unmount,2023-02-06T15:50:29
user006,policy,2023-02-07T12:32:41
user006,policy,2023-02-07T09:58:23
user022,mount,2023-02-07T12:24:08
user028,unmount,2023-02-07T14:11:51
user046,mount,2023-02-07T12:26:14
user013,mount,2023-02-08T10:22:41
user013,unmount,2023-02-08T12:45:52
user018,mount,2023-02-08T13:16:41
user018,unmount,2023-02-08T11:34:34
user019,mount,2023-02-08T17:33:12
user019,policy,2023-02-08T14:38:07
user030,mount,2023-02-08T11:27:59
user030,unmount,2023-02-08T11:55:01
user036,mount,2023-02-08T13:55:12
user039,mount,2023-02-08T11:50:45
user039,mount,2023-02-08T16:52:05
user045,mount,2023-02-08T11:18:26
user045,unmount,2023-02-08T14:27:42
user045,mount,2023-02-08T11:29:50
user045,mount,2023-02-08T14:59:57
user048,unmount,2023-02-08T11:30:36
user048,unmount,2023-02-08T15:33:38
user023,unmount,2023-02-09T12:53:44
user029,mount,2023-02-09T12:12:41
user029,policy,2023-02-09T17:45:08
user036,mount,2023-02-09T13:40:55
user036,unmount,2023-02-09T15:34:41
user041,unmount,2023-02-09T12:15:10
user001,policy,2023-02-10T12:18:24
user042,unmount,2023-02-10T13:37:05
user042,unmount,2023-02-10T13:26:04
user022,mount,2023-02-11T12:12:09
user024,unmount,2023-02-11T15:48:17
user024,mount,2023-02-11T14:00:24
user030,mount,2023-02-11T09:04:38
user030,mount,2023-02-11T16:08:23
user031,mount,2023-02-11T13:09:18
user005,policy,2023-02-12T13:46:44
user005,unmount,2023-02-12T13:28:14
user009,mount,2023-02-12T11:49:15
user009,mount,2023-02-12T14:29:35
user018,mount,2023-02-12T09:44:07
user046,mount,2023-02-12T12:49:57
user046,mount,2023-02-12T14:04:56
user011,mount,2023-02-13T14:06:37
user011,mount,2023-02-13T13:18:13
user023,mount,2023-02-13T12:37:07
user023,unmount,2023-02-13T10:24:35
user023,mount,2023-02-13T10:50:51
user023,mount,2023-02-13T11:37:46
user023,unmount,2023-02-13T11:20:13
user023,mount,2023-02-13T14:56:59
user030,mount,2023-02-13T13:15:26
user018,mount,2023-02-14T15:57:47
user018,unmount,2023-02-14T17:32:27
user004,unmount,2023-02-15T13:00:29
user010,unmount,2023-02-15T10:04:28
user010,unmount,2023-02-15T13:20:06
user022,mount,2023-02-15T12:05:04
user022,mount,2023-02-15T14:17:05
user022,mount,2023-02-15T16:00:55
user031,mount,2023-02-15T13:48:48
user031,mount,2023-02-15T15:03:18
user037,mount,2023-02-15T14:20:37
user037,unmount,2023-02-15T13:11:15
user042,mount,2023-02-15T11:33:46
user042,mount,2023-02-15T13:21:52
user042,unmount,2023-02-15T13:09:00
user006,unmount,2023-02-16T14:18:16
user006,mount,2023-02-16T16:35:51
user011,unmount,2023-02-16T13:08:26
user016,mount,2023-02-16T13:00:12
user030,mount,2023-02-16T12:23:29
user030,unmount,2023-02-16T14:56:15
user040,mount,2023-02-16T11:30:08
user045,mount,2023-02-16T12:06:12
user050,unmount,2023-02-16T12:51:14
user002,unmount,2023-02-17T12:36:34
user002,mount,2023-02-17T15:45:14
user002,mount,2023-02-17T14:40:22
user026,mount,2023-02-17T09:05:09
user036,mount,2023-02-17T15:39:22
user012,mount,2023-02-18T12:23:57
user012,unmount,2023-02-18T12:12:51
user024,unmount,2023-02-18T11:29:22
user032,mount,2023-02-18T12:22:38
user032,unmount,2023-02-18T13:57:22
user035,mount,2023-02-18T11:37:45
user039,policy,2023-02-18T15:30:58
user040,mount,2023-02-18T12:18:00
user007,mount,2023-02-19T15:35:02
user007,mount,2023-02-20T15:40:26
user015,policy,2023-02-20T14:18:13
user015,mount,2023-02-20T12:58:54
user019,mount,2023-02-20T15:56:33
user049,mount,2023-02-20T12:23:56
user002,mount,2023-02-21T11:26:31
user002,mount,2023-02-21T15:50:40
user002,unmount,2023-02-21T09:36:50
user003,mount,2023-02-21T08:49:24
user003,unmount,2023-02-21T14:16:55
user007,mount,2023-02-21T13:25:51
user033,mount,2023-02-21T16:39:11
user042,policy,2023-02-21T10:28:39
user042,unmount,2023-02-21T11:50:15
user042,unmount,2023-02-21T14:23:31
user006,mount,2023-02-22T15:35:36
user012,unmount,2023-02-22T12:54:11
user012,mount,2023-02-22T11:38:58
user012,mount,2023-02-22T12:44:08
user012,unmount,2023-02-22T10:49:27
user013,unmount,2023-02-22T13:45:42
user022,policy,2023-02-22T14:02:50
user040,unmount,2023-02-22T12:12:09
user040,mount,2023-02-22T18:09:42
user001,mount,2023-02-23T12:57:16
user029,mount,2023-02-23T13:11:00
user029,mount,2023-02-23T12:20:16
user033,mount,2023-02-23T08:39:44
user041,policy,2023-02-23T10:35:48
user041,mount,2023-02-23T12:59:44
user029,mount,2023-02-24T14:02:35
user029,unmount,2023-02-24T14:01:18
user033,mount,2023-02-24T09:27:06
user043,mount,2023-02-24T13:54:40
user043,unmount,2023-02-24T12:59:12
user043,mount,2023-02-24T08:04:49
user045,mount,2023-02-24T16:30:58
user009,unmount,2023-02-25T15:37:02
user015,mount,2023-02-25T12:16:09
user015,mount,2023-02-25T10:30:31
user015,unmount,2023-02-25T11:53:05
user015,mount,2023-02-25T14:56:40
user035,mount,2023-02-25T12:10:02
user035,unmount,2023-02-25T13:18:00
user038,policy,2023-02-25T12:22:38
user038,mount,2023-02-25T12:08:57
user039,mount,2023-02-25T14:26:30
user044,mount,2023-02-25T11:40:00
user001,mount,2023-02-26T15:00:18
user001,unmount,2023-02-26T12:10:19
user003,mount,2023-02-26T15:28:07
user019,mount,2023-02-26T09:23:35
user019,policy,2023-02-26T15:07:47
user026,mount,2023-02-26T12:57:48
user028,mount,2023-02-26T12:05:42
user028,mount,2023-02-26T14:55:10
user028,unmount,2023-02-26T16:12:45
user028,mount,2023-02-26T13:32:34
user030,mount,2023-02-26T14:12:09
user037,unmount,2023-02-26T10:13:22
user037,mount,2023-02-26T13:32:48
user037,unmount,2023-02-26T13:25:36
user003,policy,2023-02-27T12:34:32
user003,unmount,2023-02-27T11:41:00
user004,mount,2023-02-27T12:56:58
user008,policy,2023-02-27T10:06:16
user008,unmount,2023-02-27T13:04:48
user008,policy,2023-02-27T17:58:34
user016,mount,2023-02-27T11:46:36
user017,mount,2023-02-27T15:49:49
user026,mount,2023-02-27T12:07:53
user026,mount,2023-02-27T11:37:32
user029,mount,2023-02-27T14:42:40
user036,mount,2023-02-27T15:25:39
user050,unmount,2023-02-27T11:54:00
user050,unmount,2023-02-27T14:30:59
user014,mount,2023-02-28T12:25:34
user014,mount,2023-02-28T09:32:08
user016,policy,2023-02-28T13:22:22
user016,mount,2023-02-28T14:02:05
user045,mount,2023-02-28T13:27:32
user010,mount,2023-03-01T08:45:05
user020,unmount,2023-03-01T12:04:45
user025,unmount,2023-03-01T16:21:06
user037,mount,2023-03-01T13:18:02
user037,unmount,2023-03-01T12:19:20
user040,mount,2023-03-01T09:19:48
user005,mount,2023-03-02T12:16:59
user007,mount,2023-03-02T09:22:27
user007,unmount,2023-03-02T13:12:09
user007,mount,2023-03-02T11:37:01
user008,mount,2023-03-02T11:41:17
user016,policy,2023-03-02T11:38:47
user016,mount,2023-03-02T15:38:28
user036,mount,2023-03-02T10:52:41
user037,mount,2023-03-02T11:48:24
user040,mount,2023-03-02T15:39:54
user006,mount,2023-03-03T13:57:59
user007,unmount,2023-03-03T12:54:46
user007,unmount,2023-03-03T15:08:33
user011,mount,2023-03-03T15:13:26
user011,unmount,2023-03-03T13:50:27
user015,unmount,2023-03-03T10:31:53
user036,unmount,2023-03-03T13:27:07
user036,mount,2023-03-03T15:12:15
user040,mount,2023-03-03T13:01:58
user008,mount,2023-03-04T12:40:18
user009,unmount,2023-03-04T10:20:03
user022,mount,2023-03-04T10:19:26
user022,mount,2023-03-04T13:31:42
user022,mount,2023-03-04T14:00:21
user013,mount,2023-03-05T16:12:24
user013,mount,2023-03-05T11:54:10
user030,mount,2023-03-05T14:55:55
user050,mount,2023-03-05T12:52:59
user011,policy,2023-03-06T08:45:18
user013,unmount,2023-03-06T12:34:50
user013,mount,2023-03-06T14:01:19
user017,policy,2023-03-06T15:53:14
user031,policy,2023-03-06T12:11:51
user036,policy,2023-03-06T09:50:53
user008,unmount,2023-03-07T15:17:57
user014,mount,2023-03-07T14:59:16
user014,policy,2023-03-07T16:55:16
user008,mount,2023-03-08T11:48:51
user027,mount,2023-03-08T15:01:08
user043,unmount,2023-03-08T11:59:40
user043,mount,2023-03-08T09:05:17
user045,unmount,2023-03-08T15:51:58
user045,unmount,2023-03-08T11:11:42
user045,mount,2023-03-08T12:18:24
user045,mount,2023-03-08T12:34:45
user045,mount,2023-03-08T12:01:19
user004,mount,2023-03-09T14:23:21
user004,mount,2023-03-09T09:37:42
user033,unmount,2023-03-09T13:23:36
user002,mount,2023-03-10T16:23:49
user002,mount,2023-03-10T16:02:12
user017,mount,2023-03-10T13:45:47
user020,mount,2023-03-10T14:23:03
user020,mount,2023-03-10T12:28:48
user041,unmount,2023-03-10T10:21:16
user028,mount,2023-03-11T12:16:56
user029,policy,2023-03-11T14:23:15
user034,mount,2023-03-11T12:16:00
user037,mount,2023-03-11T11:22:29
user037,unmount,2023-03-11T10:51:24
user037,unmount,2023-03-11T10:34:32
user037,mount,2023-03-11T16:06:39
user050,mount,2023-03-11T13:11:45
user006,policy,2023-03-12T12:38:18
user006,unmount,2023-03-12T17:08:09
user023,mount,2023-03-12T11:55:38
user023,mount,2023-03-12T15:08:45
user030,policy,2023-03-12T13:54:04
user030,mount,2023-03-12T14:01:06
user031,unmount,2023-03-12T09:12:41
user031,mount,2023-03-12T11:54:41
user048,unmount,2023-03-12T16:20:24
user048,policy,2023-03-12T11:37:38
user003,mount,2023-03-13T14:49:16
user004,mount,2023-03-13T09:52:39
user024,mount,2023-03-13T11:06:21
user028,unmount,2023-03-13T13:06:21
user035,mount,2023-03-13T12:39:29
user007,mount,2023-03-14T12:50:37
user007,unmount,2023-03-14T11:36:37
user042,policy,2023-03-14T12:21:29
user047,policy,2023-03-14T12:18:05
user047,mount,2023-03-14T14:43:39
user013,unmount,2023-03-15T14:48:53
user013,unmount,2023-03-15T12:25:16
user021,mount,2023-03-15T09:31:21
user045,mount,2023-03-15T12:03:02
user045,mount,2023-03-15T14:02:57
user050,unmount,2023-03-15T12:42:28
user050,mount,2023-03-15T14:14:34
user001,mount,2023-03-16T15:03:41
user003,unmount,2023-03-16T12:52:39
user015,policy,2023-03-16T14:50:02
user015,policy,2023-03-16T12:33:44
user016,unmount,2023-03-16T15:33:21
user016,unmount,2023-03-16T10:03:41
user019,mount,2023-03-16T10:28:47
user019,mount,2023-03-16T13:07:24
user019,mount,2023-03-16T10:01:37
user025,policy,2023-03-16T17:01:12
user025,mount,2023-03-16T15:57:38
user044,unmount,2023-03-16T10:30:23
user044,unmount,2023-03-16T15:44:30
user044,mount,2023-03-16T09:41:37
user048,unmount,2023-03-16T10:46:05
user048,mount,2023-03-16T14:48:09
user015,mount,2023-03-17T14:58:48
user038,policy,2023-03-17T12:18:15
user038,mount,2023-03-17T10:08:57
user045,unmount,2023-03-17T11:06:18
user005,unmount,2023-03-18T13:03:58
user005,unmount,2023-03-18T14:29:31
user007,mount,2023-03-18T14:05:17
user007,policy,2023-03-18T14:57:11
user007,mount,2023-03-18T13:15:51
user007,unmount,2023-03-18T17:34:13
user019,mount,2023-03-18T10:15:24
user026,unmount,2023-03-19T11:26:48
user039,unmount,2023-03-19T12:26:27
user044,mount,2023-03-19T09:41:19
user044,mount,2023-03-19T13:21:40
user001,unmount,2023-03-20T14:40:43
user002,mount,2023-03-20T11:37:13
user002,mount,2023-03-20T15:29:16
user018,mount,2023-03-20T14:31:28
user020,unmount,2023-03-20T13:21:18
user020,mount,2023-03-20T14:32:51
user027,mount,2023-03-20T15:14:49
user033,unmount,2023-03-20T13:55:43
user033,unmount,2023-03-20T12:09:33
user033,mount,2023-03-20T13:19:30
user040,mount,2023-03-20T11:31:28
user040,mount,2023-03-20T11:20:55
user040,mount,2023-03-20T13:12:29
user005,mount,2023-03-21T14:06:07
user010,mount,2023-03-21T11:06:16
user032,mount,2023-03-21T13:23:03
user042,mount,2023-03-21T14:41:44
user042,mount,2023-03-21T10:19:57
user043,mount,2023-03-21T11:07:46
user043,unmount,2023-03-21T12:55:45
user043,mount,2023-03-21T14:13:20
user043,unmount,2023-03-21T13:38:47
user006,mount,2023-03-22T12:18:02
user023,unmount,2023-03-22T14:55:53
user023,unmount,2023-03-22T09:05:11
user029,unmount,2023-03-22T13:56:15
user029,policy,2023-03-22T12:34:32
user029,policy,2023-03-22T10:27:05
user029,mount,2023-03-22T11:49:59
user033,unmount,2023-03-22T11:11:19
user033,mount,2023-03-22T12:14:14
user047,mount,2023-03-22T14:11:07
user002,policy,2023-03-23T13:16:49
user002,mount,2023-03-23T14:36:18
user002,mount,2023-03-23T12:18:58
user031,mount,2023-03-23T15:01:57
user007,mount,2023-03-24T15:07:51
user016,unmount,2023-03-24T13:53:38
user019,unmount,2023-03-24T10:49:56
user019,unmount,2023-03-24T12:26:49
user019,unmount,2023-03-24T15:20:07
user041,mount,2023-03-24T12:57:03
user009,mount,2023-03-25T16:00:07
user009,mount,2023-03-25T12:03:05
user009,mount,2023-03-25T16:46:11
user015,mount,2023-03-25T14:34:30
user027,policy,2023-03-25T13:24:06
user037,unmount,2023-03-25T15:45:26
user041,mount,2023-03-25T15:54:42
user043,policy,2023-03-25T12:56:23
user049,mount,2023-03-25T13:06:13
user049,mount,2023-03-25T07:39:07
user049,policy,2023-03-25T14:39:44
user050,mount,2023-03-25T11:28:16
user010,mount,2023-03-26T13:57:44
user048,mount,2023-03-26T15:46:03
user006,mount,2023-03-27T12:02:01
user008,unmount,2023-03-27T15:17:59
user016,mount,2023-03-27T11:36:33
user024,mount,2023-03-27T15:40:47
user024,mount,2023-03-27T11:05:47
user039,mount,2023-03-27T15:53:23
user048,mount,2023-03-27T12:14:06
user048,unmount,2023-03-27T16:00:01
user004,unmount,2023-03-28T11:28:27
user004,policy,2023-03-28T14:13:05
user004,policy,2023-03-28T10:37:30
user006,mount,2023-03-28T11:51:42
user006,mount,2023-03-28T09:03:51
user008,mount,2023-03-28T13:52:49
user008,mount,2023-03-28T12:38:02
user015,mount,2023-03-28T13:51:08
user019,unmount,2023-03-28T14:35:02
user020,mount,2023-03-28T14:16:35
user021,mount,2023-03-28T13:03:32
user021,mount,2023-03-28T12:37:49
user021,policy,2023-03-28T16:08:42
user021,policy,2023-03-28T17:00:14
user021,mount,2023-03-28T12:19:21
user025,mount,2023-03-28T09:42:20
user025,mount,2023-03-28T08:05:16
user025,unmount,2023-03-28T14:40:12
user040,unmount,2023-03-28T15:28:25
user042,mount,2023-03-28T12:15:04
user045,mount,2023-03-28T10:08:41
user010,mount,2023-03-29T14:46:03
user010,unmount,2023-03-29T14:12:12
user032,unmount,2023-03-29T10:38:00
user047,mount,2023-03-29T12:58:05
user049,policy,2023-03-29T13:37:22
user016,unmount,2023-03-30T12:16:29
user016,mount,2023-03-30T12:45:16
user023,unmount,2023-03-30T10:59:10
user026,mount,2023-03-30T13:17:27
user026,mount,2023-03-30T13:35:02
user012,mount,2023-03-31T12:56:23
user016,unmount,2023-03-31T13:37:35
user017,unmount,2023-03-31T13:59:12
user050,mount,2023-03-31T17:59:17
user050,mount,2023-03-31T13:50:58
